,params,mean_train_score,mean_test_score,param_hidden_layer_sizes,param_learning_rate_init,param_max_iter,param_random_state
2,"{'learning_rate_init': 0.0001, 'max_iter': 10, 'random_state': 2, 'hidden_layer_sizes': 10}",0.1630049112512337,0.158,10,0.0001,10,2
251,"{'learning_rate_init': 0.0001, 'max_iter': 10, 'random_state': 1, 'hidden_layer_sizes': 20}",0.14700300300235428,0.142,20,0.0001,10,1
503,"{'learning_rate_init': 0.0001, 'max_iter': 10, 'random_state': 3, 'hidden_layer_sizes': 30}",0.22602342456326963,0.208,30,0.0001,10,3
753,"{'learning_rate_init': 0.0001, 'max_iter': 10, 'random_state': 3, 'hidden_layer_sizes': 40}",0.2041350606870452,0.192,40,0.0001,10,3
1000,"{'learning_rate_init': 0.0001, 'max_iter': 10, 'random_state': 0, 'hidden_layer_sizes': 50}",0.2161327677785109,0.194,50,0.0001,10,0
1253,"{'learning_rate_init': 0.0001, 'max_iter': 10, 'random_state': 3, 'hidden_layer_sizes': 60}",0.16309759284207573,0.154,60,0.0001,10,3
1500,"{'learning_rate_init': 0.0001, 'max_iter': 10, 'random_state': 0, 'hidden_layer_sizes': 70}",0.30699916936700694,0.274,70,0.0001,10,0
1754,"{'learning_rate_init': 0.0001, 'max_iter': 10, 'random_state': 4, 'hidden_layer_sizes': 80}",0.28413273883182777,0.256,80,0.0001,10,4
2000,"{'learning_rate_init': 0.0001, 'max_iter': 10, 'random_state': 0, 'hidden_layer_sizes': 90}",0.2881043839715591,0.256,90,0.0001,10,0
2251,"{'learning_rate_init': 0.0001, 'max_iter': 10, 'random_state': 1, 'hidden_layer_sizes': 100}",0.3000899579383813,0.234,100,0.0001,10,1
7,"{'learning_rate_init': 0.0001, 'max_iter': 20, 'random_state': 2, 'hidden_layer_sizes': 10}",0.21597443410224582,0.206,10,0.0001,20,2
256,"{'learning_rate_init': 0.0001, 'max_iter': 20, 'random_state': 1, 'hidden_layer_sizes': 20}",0.1739599796984382,0.168,20,0.0001,20,1
508,"{'learning_rate_init': 0.0001, 'max_iter': 20, 'random_state': 3, 'hidden_layer_sizes': 30}",0.2680141527678484,0.238,30,0.0001,20,3
758,"{'learning_rate_init': 0.0001, 'max_iter': 20, 'random_state': 3, 'hidden_layer_sizes': 40}",0.32711285674491736,0.272,40,0.0001,20,3
1006,"{'learning_rate_init': 0.0001, 'max_iter': 20, 'random_state': 1, 'hidden_layer_sizes': 50}",0.2960234080017345,0.246,50,0.0001,20,1
1259,"{'learning_rate_init': 0.0001, 'max_iter': 20, 'random_state': 4, 'hidden_layer_sizes': 60}",0.30717489265514997,0.254,60,0.0001,20,4
1505,"{'learning_rate_init': 0.0001, 'max_iter': 20, 'random_state': 0, 'hidden_layer_sizes': 70}",0.437017210999322,0.332,70,0.0001,20,0
1758,"{'learning_rate_init': 0.0001, 'max_iter': 20, 'random_state': 3, 'hidden_layer_sizes': 80}",0.4559773784551638,0.346,80,0.0001,20,3
2005,"{'learning_rate_init': 0.0001, 'max_iter': 20, 'random_state': 0, 'hidden_layer_sizes': 90}",0.4978936247558659,0.372,90,0.0001,20,0
2256,"{'learning_rate_init': 0.0001, 'max_iter': 20, 'random_state': 1, 'hidden_layer_sizes': 100}",0.5560890140028859,0.388,100,0.0001,20,1
12,"{'learning_rate_init': 0.0001, 'max_iter': 30, 'random_state': 2, 'hidden_layer_sizes': 10}",0.2259613458090657,0.21,10,0.0001,30,2
262,"{'learning_rate_init': 0.0001, 'max_iter': 30, 'random_state': 2, 'hidden_layer_sizes': 20}",0.22396490675513694,0.196,20,0.0001,30,2
513,"{'learning_rate_init': 0.0001, 'max_iter': 30, 'random_state': 3, 'hidden_layer_sizes': 30}",0.3609335456522136,0.29,30,0.0001,30,3
763,"{'learning_rate_init': 0.0001, 'max_iter': 30, 'random_state': 3, 'hidden_layer_sizes': 40}",0.4411524463025527,0.318,40,0.0001,30,3
1010,"{'learning_rate_init': 0.0001, 'max_iter': 30, 'random_state': 0, 'hidden_layer_sizes': 50}",0.454210991725245,0.326,50,0.0001,30,0
1264,"{'learning_rate_init': 0.0001, 'max_iter': 30, 'random_state': 4, 'hidden_layer_sizes': 60}",0.4380151605012572,0.338,60,0.0001,30,4
1510,"{'learning_rate_init': 0.0001, 'max_iter': 30, 'random_state': 0, 'hidden_layer_sizes': 70}",0.615091733082923,0.414,70,0.0001,30,0
1763,"{'learning_rate_init': 0.0001, 'max_iter': 30, 'random_state': 3, 'hidden_layer_sizes': 80}",0.6010115119590665,0.458,80,0.0001,30,3
2010,"{'learning_rate_init': 0.0001, 'max_iter': 30, 'random_state': 0, 'hidden_layer_sizes': 90}",0.6570377721451757,0.464,90,0.0001,30,0
2261,"{'learning_rate_init': 0.0001, 'max_iter': 30, 'random_state': 1, 'hidden_layer_sizes': 100}",0.721185539129993,0.492,100,0.0001,30,1
17,"{'learning_rate_init': 0.0001, 'max_iter': 40, 'random_state': 2, 'hidden_layer_sizes': 10}",0.24793356145767861,0.218,10,0.0001,40,2
267,"{'learning_rate_init': 0.0001, 'max_iter': 40, 'random_state': 2, 'hidden_layer_sizes': 20}",0.2780098942931218,0.222,20,0.0001,40,2
518,"{'learning_rate_init': 0.0001, 'max_iter': 40, 'random_state': 3, 'hidden_layer_sizes': 30}",0.4690356538528269,0.336,30,0.0001,40,3
768,"{'learning_rate_init': 0.0001, 'max_iter': 40, 'random_state': 3, 'hidden_layer_sizes': 40}",0.553187307037864,0.356,40,0.0001,40,3
1015,"{'learning_rate_init': 0.0001, 'max_iter': 40, 'random_state': 0, 'hidden_layer_sizes': 50}",0.5840053176209009,0.38,50,0.0001,40,0
1269,"{'learning_rate_init': 0.0001, 'max_iter': 40, 'random_state': 4, 'hidden_layer_sizes': 60}",0.5699634490520196,0.404,60,0.0001,40,4
1515,"{'learning_rate_init': 0.0001, 'max_iter': 40, 'random_state': 0, 'hidden_layer_sizes': 70}",0.7390851382796374,0.494,70,0.0001,40,0
1768,"{'learning_rate_init': 0.0001, 'max_iter': 40, 'random_state': 3, 'hidden_layer_sizes': 80}",0.7219779725822346,0.506,80,0.0001,40,3
2015,"{'learning_rate_init': 0.0001, 'max_iter': 40, 'random_state': 0, 'hidden_layer_sizes': 90}",0.7920461013372252,0.504,90,0.0001,40,0
2266,"{'learning_rate_init': 0.0001, 'max_iter': 40, 'random_state': 1, 'hidden_layer_sizes': 100}",0.8391760809092915,0.522,100,0.0001,40,1
22,"{'learning_rate_init': 0.0001, 'max_iter': 50, 'random_state': 2, 'hidden_layer_sizes': 10}",0.23694290371163085,0.208,10,0.0001,50,2
272,"{'learning_rate_init': 0.0001, 'max_iter': 50, 'random_state': 2, 'hidden_layer_sizes': 20}",0.3220025880638928,0.232,20,0.0001,50,2
522,"{'learning_rate_init': 0.0001, 'max_iter': 50, 'random_state': 2, 'hidden_layer_sizes': 30}",0.5080206704519855,0.374,30,0.0001,50,2
773,"{'learning_rate_init': 0.0001, 'max_iter': 50, 'random_state': 3, 'hidden_layer_sizes': 40}",0.6352412797847058,0.382,40,0.0001,50,3
1020,"{'learning_rate_init': 0.0001, 'max_iter': 50, 'random_state': 0, 'hidden_layer_sizes': 50}",0.6900516712695133,0.414,50,0.0001,50,0
1274,"{'learning_rate_init': 0.0001, 'max_iter': 50, 'random_state': 4, 'hidden_layer_sizes': 60}",0.675851739049396,0.446,60,0.0001,50,4
1520,"{'learning_rate_init': 0.0001, 'max_iter': 50, 'random_state': 0, 'hidden_layer_sizes': 70}",0.8271038919139494,0.5,70,0.0001,50,0
1773,"{'learning_rate_init': 0.0001, 'max_iter': 50, 'random_state': 3, 'hidden_layer_sizes': 80}",0.8009807345062429,0.534,80,0.0001,50,3
2020,"{'learning_rate_init': 0.0001, 'max_iter': 50, 'random_state': 0, 'hidden_layer_sizes': 90}",0.8611129772840904,0.524,90,0.0001,50,0
2271,"{'learning_rate_init': 0.0001, 'max_iter': 50, 'random_state': 1, 'hidden_layer_sizes': 100}",0.8930867309952695,0.546,100,0.0001,50,1
27,"{'learning_rate_init': 0.0001, 'max_iter': 60, 'random_state': 2, 'hidden_layer_sizes': 10}",0.2319763423511252,0.206,10,0.0001,60,2
277,"{'learning_rate_init': 0.0001, 'max_iter': 60, 'random_state': 2, 'hidden_layer_sizes': 20}",0.3419907678082497,0.238,20,0.0001,60,2
527,"{'learning_rate_init': 0.0001, 'max_iter': 60, 'random_state': 2, 'hidden_layer_sizes': 30}",0.5850360931655477,0.414,30,0.0001,60,2
776,"{'learning_rate_init': 0.0001, 'max_iter': 60, 'random_state': 1, 'hidden_layer_sizes': 40}",0.6211483854861474,0.418,40,0.0001,60,1
1029,"{'learning_rate_init': 0.0001, 'max_iter': 60, 'random_state': 4, 'hidden_layer_sizes': 50}",0.7451039781779453,0.452,50,0.0001,60,4
1279,"{'learning_rate_init': 0.0001, 'max_iter': 60, 'random_state': 4, 'hidden_layer_sizes': 60}",0.7679130463960965,0.468,60,0.0001,60,4
1525,"{'learning_rate_init': 0.0001, 'max_iter': 60, 'random_state': 0, 'hidden_layer_sizes': 70}",0.8809668195764401,0.54,70,0.0001,60,0
1775,"{'learning_rate_init': 0.0001, 'max_iter': 60, 'random_state': 0, 'hidden_layer_sizes': 80}",0.8359582466417977,0.544,80,0.0001,60,0
2025,"{'learning_rate_init': 0.0001, 'max_iter': 60, 'random_state': 0, 'hidden_layer_sizes': 90}",0.9200856335775476,0.546,90,0.0001,60,0
2276,"{'learning_rate_init': 0.0001, 'max_iter': 60, 'random_state': 1, 'hidden_layer_sizes': 100}",0.9320681742632088,0.556,100,0.0001,60,1
32,"{'learning_rate_init': 0.0001, 'max_iter': 70, 'random_state': 2, 'hidden_layer_sizes': 10}",0.2269681251294545,0.206,10,0.0001,70,2
283,"{'learning_rate_init': 0.0001, 'max_iter': 70, 'random_state': 3, 'hidden_layer_sizes': 20}",0.3560930319753199,0.26,20,0.0001,70,3
532,"{'learning_rate_init': 0.0001, 'max_iter': 70, 'random_state': 2, 'hidden_layer_sizes': 30}",0.6539837980662103,0.434,30,0.0001,70,2
781,"{'learning_rate_init': 0.0001, 'max_iter': 70, 'random_state': 1, 'hidden_layer_sizes': 40}",0.6800553896941816,0.442,40,0.0001,70,1
1032,"{'learning_rate_init': 0.0001, 'max_iter': 70, 'random_state': 2, 'hidden_layer_sizes': 50}",0.7819579482461388,0.47,50,0.0001,70,2
1284,"{'learning_rate_init': 0.0001, 'max_iter': 70, 'random_state': 4, 'hidden_layer_sizes': 60}",0.8448928798108154,0.49,60,0.0001,70,4
1530,"{'learning_rate_init': 0.0001, 'max_iter': 70, 'random_state': 0, 'hidden_layer_sizes': 70}",0.9179283676162511,0.544,70,0.0001,70,0
1780,"{'learning_rate_init': 0.0001, 'max_iter': 70, 'random_state': 0, 'hidden_layer_sizes': 80}",0.8929107376820973,0.552,80,0.0001,70,0
2030,"{'learning_rate_init': 0.0001, 'max_iter': 70, 'random_state': 0, 'hidden_layer_sizes': 90}",0.9469888212878228,0.564,90,0.0001,70,0
2281,"{'learning_rate_init': 0.0001, 'max_iter': 70, 'random_state': 1, 'hidden_layer_sizes': 100}",0.9680825285057323,0.564,100,0.0001,70,1
36,"{'learning_rate_init': 0.0001, 'max_iter': 80, 'random_state': 1, 'hidden_layer_sizes': 10}",0.2270307439337167,0.206,10,0.0001,80,1
288,"{'learning_rate_init': 0.0001, 'max_iter': 80, 'random_state': 3, 'hidden_layer_sizes': 20}",0.3571894596053897,0.26,20,0.0001,80,3
537,"{'learning_rate_init': 0.0001, 'max_iter': 80, 'random_state': 2, 'hidden_layer_sizes': 30}",0.7199161514679119,0.448,30,0.0001,80,2
787,"{'learning_rate_init': 0.0001, 'max_iter': 80, 'random_state': 2, 'hidden_layer_sizes': 40}",0.797976976081867,0.462,40,0.0001,80,2
1039,"{'learning_rate_init': 0.0001, 'max_iter': 80, 'random_state': 4, 'hidden_layer_sizes': 50}",0.8590514261947968,0.486,50,0.0001,80,4
1289,"{'learning_rate_init': 0.0001, 'max_iter': 80, 'random_state': 4, 'hidden_layer_sizes': 60}",0.897001553868031,0.512,60,0.0001,80,4
1535,"{'learning_rate_init': 0.0001, 'max_iter': 80, 'random_state': 0, 'hidden_layer_sizes': 70}",0.9449358299919536,0.54,70,0.0001,80,0
1785,"{'learning_rate_init': 0.0001, 'max_iter': 80, 'random_state': 0, 'hidden_layer_sizes': 80}",0.9169809037939345,0.572,80,0.0001,80,0
2035,"{'learning_rate_init': 0.0001, 'max_iter': 80, 'random_state': 0, 'hidden_layer_sizes': 90}",0.966011877572956,0.57,90,0.0001,80,0
2286,"{'learning_rate_init': 0.0001, 'max_iter': 80, 'random_state': 1, 'hidden_layer_sizes': 100}",0.9860508130219606,0.566,100,0.0001,80,1
41,"{'learning_rate_init': 0.0001, 'max_iter': 90, 'random_state': 1, 'hidden_layer_sizes': 10}",0.23306697344390248,0.204,10,0.0001,90,1
293,"{'learning_rate_init': 0.0001, 'max_iter': 90, 'random_state': 3, 'hidden_layer_sizes': 20}",0.38011823891980195,0.256,20,0.0001,90,3
542,"{'learning_rate_init': 0.0001, 'max_iter': 90, 'random_state': 2, 'hidden_layer_sizes': 30}",0.761891713266686,0.47,30,0.0001,90,2
792,"{'learning_rate_init': 0.0001, 'max_iter': 90, 'random_state': 2, 'hidden_layer_sizes': 40}",0.831968131790072,0.498,40,0.0001,90,2
1044,"{'learning_rate_init': 0.0001, 'max_iter': 90, 'random_state': 4, 'hidden_layer_sizes': 50}",0.8860768182324356,0.496,50,0.0001,90,4
1294,"{'learning_rate_init': 0.0001, 'max_iter': 90, 'random_state': 4, 'hidden_layer_sizes': 60}",0.9269733420130178,0.514,60,0.0001,90,4
1540,"{'learning_rate_init': 0.0001, 'max_iter': 90, 'random_state': 0, 'hidden_layer_sizes': 70}",0.9679691539968222,0.548,70,0.0001,90,0
1790,"{'learning_rate_init': 0.0001, 'max_iter': 90, 'random_state': 0, 'hidden_layer_sizes': 80}",0.9479898040709189,0.574,80,0.0001,90,0
2040,"{'learning_rate_init': 0.0001, 'max_iter': 90, 'random_state': 0, 'hidden_layer_sizes': 90}",0.9800297499175793,0.574,90,0.0001,90,0
2291,"{'learning_rate_init': 0.0001, 'max_iter': 90, 'random_state': 1, 'hidden_layer_sizes': 100}",0.9930074768490441,0.564,100,0.0001,90,1
46,"{'learning_rate_init': 0.0001, 'max_iter': 100, 'random_state': 1, 'hidden_layer_sizes': 10}",0.23801863842363277,0.198,10,0.0001,100,1
298,"{'learning_rate_init': 0.0001, 'max_iter': 100, 'random_state': 3, 'hidden_layer_sizes': 20}",0.41612625657497443,0.274,20,0.0001,100,3
547,"{'learning_rate_init': 0.0001, 'max_iter': 100, 'random_state': 2, 'hidden_layer_sizes': 30}",0.7939046296079276,0.488,30,0.0001,100,2
797,"{'learning_rate_init': 0.0001, 'max_iter': 100, 'random_state': 2, 'hidden_layer_sizes': 40}",0.8699488622999443,0.512,40,0.0001,100,2
1049,"{'learning_rate_init': 0.0001, 'max_iter': 100, 'random_state': 4, 'hidden_layer_sizes': 50}",0.918092497829809,0.508,50,0.0001,100,4
1299,"{'learning_rate_init': 0.0001, 'max_iter': 100, 'random_state': 4, 'hidden_layer_sizes': 60}",0.9549641275349096,0.524,60,0.0001,100,4
1545,"{'learning_rate_init': 0.0001, 'max_iter': 100, 'random_state': 0, 'hidden_layer_sizes': 70}",0.9799759609317708,0.55,70,0.0001,100,0
1795,"{'learning_rate_init': 0.0001, 'max_iter': 100, 'random_state': 0, 'hidden_layer_sizes': 80}",0.9629846629743805,0.58,80,0.0001,100,0
2045,"{'learning_rate_init': 0.0001, 'max_iter': 100, 'random_state': 0, 'hidden_layer_sizes': 90}",0.9869982768442772,0.58,90,0.0001,100,0
2296,"{'learning_rate_init': 0.0001, 'max_iter': 100, 'random_state': 1, 'hidden_layer_sizes': 100}",0.9970177445687796,0.566,100,0.0001,100,1
51,"{'learning_rate_init': 0.0005, 'max_iter': 10, 'random_state': 1, 'hidden_layer_sizes': 10}",0.21598326392069933,0.21,10,0.0005,10,1
302,"{'learning_rate_init': 0.0005, 'max_iter': 10, 'random_state': 2, 'hidden_layer_sizes': 20}",0.29999451309140746,0.254,20,0.0005,10,2
552,"{'learning_rate_init': 0.0005, 'max_iter': 10, 'random_state': 2, 'hidden_layer_sizes': 30}",0.49508156610052495,0.402,30,0.0005,10,2
803,"{'learning_rate_init': 0.0005, 'max_iter': 10, 'random_state': 3, 'hidden_layer_sizes': 40}",0.5832189507309812,0.416,40,0.0005,10,3
1052,"{'learning_rate_init': 0.0005, 'max_iter': 10, 'random_state': 2, 'hidden_layer_sizes': 50}",0.60819492480397,0.47,50,0.0005,10,2
1300,"{'learning_rate_init': 0.0005, 'max_iter': 10, 'random_state': 0, 'hidden_layer_sizes': 60}",0.6552145631482874,0.492,60,0.0005,10,0
1550,"{'learning_rate_init': 0.0005, 'max_iter': 10, 'random_state': 0, 'hidden_layer_sizes': 70}",0.7730020821089948,0.566,70,0.0005,10,0
1803,"{'learning_rate_init': 0.0005, 'max_iter': 10, 'random_state': 3, 'hidden_layer_sizes': 80}",0.7569643145362429,0.604,80,0.0005,10,3
2050,"{'learning_rate_init': 0.0005, 'max_iter': 10, 'random_state': 0, 'hidden_layer_sizes': 90}",0.8111317764266205,0.61,90,0.0005,10,0
2301,"{'learning_rate_init': 0.0005, 'max_iter': 10, 'random_state': 1, 'hidden_layer_sizes': 100}",0.8701162958196921,0.642,100,0.0005,10,1
56,"{'learning_rate_init': 0.0005, 'max_iter': 20, 'random_state': 1, 'hidden_layer_sizes': 10}",0.1759473189088843,0.158,10,0.0005,20,1
309,"{'learning_rate_init': 0.0005, 'max_iter': 20, 'random_state': 4, 'hidden_layer_sizes': 20}",0.31899579635835607,0.266,20,0.0005,20,4
556,"{'learning_rate_init': 0.0005, 'max_iter': 20, 'random_state': 1, 'hidden_layer_sizes': 30}",0.6901976017961057,0.522,30,0.0005,20,1
807,"{'learning_rate_init': 0.0005, 'max_iter': 20, 'random_state': 2, 'hidden_layer_sizes': 40}",0.8049336399089504,0.578,40,0.0005,20,2
1056,"{'learning_rate_init': 0.0005, 'max_iter': 20, 'random_state': 1, 'hidden_layer_sizes': 50}",0.8790004433090912,0.588,50,0.0005,20,1
1309,"{'learning_rate_init': 0.0005, 'max_iter': 20, 'random_state': 4, 'hidden_layer_sizes': 60}",0.9129587729745845,0.62,60,0.0005,20,4
1555,"{'learning_rate_init': 0.0005, 'max_iter': 20, 'random_state': 0, 'hidden_layer_sizes': 70}",0.9589567356177379,0.658,70,0.0005,20,0
1805,"{'learning_rate_init': 0.0005, 'max_iter': 20, 'random_state': 0, 'hidden_layer_sizes': 80}",0.9050491188129209,0.672,80,0.0005,20,0
2055,"{'learning_rate_init': 0.0005, 'max_iter': 20, 'random_state': 0, 'hidden_layer_sizes': 90}",0.9660237406725704,0.684,90,0.0005,20,0
2308,"{'learning_rate_init': 0.0005, 'max_iter': 20, 'random_state': 3, 'hidden_layer_sizes': 100}",0.9719614920546215,0.714,100,0.0005,20,3
61,"{'learning_rate_init': 0.0005, 'max_iter': 30, 'random_state': 1, 'hidden_layer_sizes': 10}",0.1839079988002248,0.168,10,0.0005,30,1
314,"{'learning_rate_init': 0.0005, 'max_iter': 30, 'random_state': 4, 'hidden_layer_sizes': 20}",0.3460035287590877,0.27,20,0.0005,30,4
561,"{'learning_rate_init': 0.0005, 'max_iter': 30, 'random_state': 1, 'hidden_layer_sizes': 30}",0.843138356180511,0.578,30,0.0005,30,1
812,"{'learning_rate_init': 0.0005, 'max_iter': 30, 'random_state': 2, 'hidden_layer_sizes': 40}",0.9269912716749541,0.6,40,0.0005,30,2
1061,"{'learning_rate_init': 0.0005, 'max_iter': 30, 'random_state': 1, 'hidden_layer_sizes': 50}",0.9780393774259725,0.602,50,0.0005,30,1
1314,"{'learning_rate_init': 0.0005, 'max_iter': 30, 'random_state': 4, 'hidden_layer_sizes': 60}",0.985997024036152,0.638,60,0.0005,30,4
1562,"{'learning_rate_init': 0.0005, 'max_iter': 30, 'random_state': 2, 'hidden_layer_sizes': 70}",0.9919824978416899,0.67,70,0.0005,30,2
1810,"{'learning_rate_init': 0.0005, 'max_iter': 30, 'random_state': 0, 'hidden_layer_sizes': 80}",0.9849811448722806,0.684,80,0.0005,30,0
2060,"{'learning_rate_init': 0.0005, 'max_iter': 30, 'random_state': 0, 'hidden_layer_sizes': 90}",0.9959957988425864,0.686,90,0.0005,30,0
2313,"{'learning_rate_init': 0.0005, 'max_iter': 30, 'random_state': 3, 'hidden_layer_sizes': 100}",1.0,0.71,100,0.0005,30,3
66,"{'learning_rate_init': 0.0005, 'max_iter': 40, 'random_state': 1, 'hidden_layer_sizes': 10}",0.1939095368627909,0.178,10,0.0005,40,1
319,"{'learning_rate_init': 0.0005, 'max_iter': 40, 'random_state': 4, 'hidden_layer_sizes': 20}",0.37304105392137005,0.302,20,0.0005,40,4
566,"{'learning_rate_init': 0.0005, 'max_iter': 40, 'random_state': 1, 'hidden_layer_sizes': 30}",0.929053362814306,0.588,30,0.0005,40,1
817,"{'learning_rate_init': 0.0005, 'max_iter': 40, 'random_state': 2, 'hidden_layer_sizes': 40}",0.9629427370881861,0.606,40,0.0005,40,2
1069,"{'learning_rate_init': 0.0005, 'max_iter': 40, 'random_state': 4, 'hidden_layer_sizes': 50}",0.9930314730733021,0.616,50,0.0005,40,4
1319,"{'learning_rate_init': 0.0005, 'max_iter': 40, 'random_state': 4, 'hidden_layer_sizes': 60}",0.9990108803165182,0.63,60,0.0005,40,4
1568,"{'learning_rate_init': 0.0005, 'max_iter': 40, 'random_state': 3, 'hidden_layer_sizes': 70}",0.9990108803165182,0.672,70,0.0005,40,3
1815,"{'learning_rate_init': 0.0005, 'max_iter': 40, 'random_state': 0, 'hidden_layer_sizes': 80}",0.998992950654582,0.682,80,0.0005,40,0
2065,"{'learning_rate_init': 0.0005, 'max_iter': 40, 'random_state': 0, 'hidden_layer_sizes': 90}",1.0,0.692,90,0.0005,40,0
2318,"{'learning_rate_init': 0.0005, 'max_iter': 40, 'random_state': 3, 'hidden_layer_sizes': 100}",1.0,0.716,100,0.0005,40,3
71,"{'learning_rate_init': 0.0005, 'max_iter': 50, 'random_state': 1, 'hidden_layer_sizes': 10}",0.2059759293208406,0.174,10,0.0005,50,1
324,"{'learning_rate_init': 0.0005, 'max_iter': 50, 'random_state': 4, 'hidden_layer_sizes': 20}",0.38802404972521715,0.308,20,0.0005,50,4
571,"{'learning_rate_init': 0.0005, 'max_iter': 50, 'random_state': 1, 'hidden_layer_sizes': 30}",0.956120680738139,0.602,30,0.0005,50,1
822,"{'learning_rate_init': 0.0005, 'max_iter': 50, 'random_state': 2, 'hidden_layer_sizes': 40}",0.9860088871357663,0.606,40,0.0005,50,2
1074,"{'learning_rate_init': 0.0005, 'max_iter': 50, 'random_state': 4, 'hidden_layer_sizes': 50}",0.9980068642522614,0.616,50,0.0005,50,4
1324,"{'learning_rate_init': 0.0005, 'max_iter': 50, 'random_state': 4, 'hidden_layer_sizes': 60}",1.0,0.632,60,0.0005,50,4
1573,"{'learning_rate_init': 0.0005, 'max_iter': 50, 'random_state': 3, 'hidden_layer_sizes': 70}",1.0,0.674,70,0.0005,50,3
1820,"{'learning_rate_init': 0.0005, 'max_iter': 50, 'random_state': 0, 'hidden_layer_sizes': 80}",1.0,0.686,80,0.0005,50,0
2070,"{'learning_rate_init': 0.0005, 'max_iter': 50, 'random_state': 0, 'hidden_layer_sizes': 90}",1.0,0.694,90,0.0005,50,0
2323,"{'learning_rate_init': 0.0005, 'max_iter': 50, 'random_state': 3, 'hidden_layer_sizes': 100}",1.0,0.716,100,0.0005,50,3
76,"{'learning_rate_init': 0.0005, 'max_iter': 60, 'random_state': 1, 'hidden_layer_sizes': 10}",0.2059759293208406,0.174,10,0.0005,60,1
329,"{'learning_rate_init': 0.0005, 'max_iter': 60, 'random_state': 4, 'hidden_layer_sizes': 20}",0.4039365796894446,0.326,20,0.0005,60,4
576,"{'learning_rate_init': 0.0005, 'max_iter': 60, 'random_state': 1, 'hidden_layer_sizes': 30}",0.9760672046213307,0.604,30,0.0005,60,1
827,"{'learning_rate_init': 0.0005, 'max_iter': 60, 'random_state': 2, 'hidden_layer_sizes': 40}",0.9930044435678832,0.604,40,0.0005,60,2
1079,"{'learning_rate_init': 0.0005, 'max_iter': 60, 'random_state': 4, 'hidden_layer_sizes': 50}",1.0,0.61,50,0.0005,60,4
1326,"{'learning_rate_init': 0.0005, 'max_iter': 60, 'random_state': 1, 'hidden_layer_sizes': 60}",1.0,0.63,60,0.0005,60,1
1578,"{'learning_rate_init': 0.0005, 'max_iter': 60, 'random_state': 3, 'hidden_layer_sizes': 70}",1.0,0.676,70,0.0005,60,3
1825,"{'learning_rate_init': 0.0005, 'max_iter': 60, 'random_state': 0, 'hidden_layer_sizes': 80}",1.0,0.686,80,0.0005,60,0
2075,"{'learning_rate_init': 0.0005, 'max_iter': 60, 'random_state': 0, 'hidden_layer_sizes': 90}",1.0,0.694,90,0.0005,60,0
2328,"{'learning_rate_init': 0.0005, 'max_iter': 60, 'random_state': 3, 'hidden_layer_sizes': 100}",1.0,0.716,100,0.0005,60,3
81,"{'learning_rate_init': 0.0005, 'max_iter': 70, 'random_state': 1, 'hidden_layer_sizes': 10}",0.20192980227723267,0.184,10,0.0005,70,1
334,"{'learning_rate_init': 0.0005, 'max_iter': 70, 'random_state': 4, 'hidden_layer_sizes': 20}",0.4139560474139468,0.33,20,0.0005,70,4
581,"{'learning_rate_init': 0.0005, 'max_iter': 70, 'random_state': 1, 'hidden_layer_sizes': 30}",0.9860599128654434,0.6,30,0.0005,70,1
832,"{'learning_rate_init': 0.0005, 'max_iter': 70, 'random_state': 2, 'hidden_layer_sizes': 40}",0.9949826829348467,0.606,40,0.0005,70,2
1081,"{'learning_rate_init': 0.0005, 'max_iter': 70, 'random_state': 1, 'hidden_layer_sizes': 50}",0.998995983935743,0.614,50,0.0005,70,1
1331,"{'learning_rate_init': 0.0005, 'max_iter': 70, 'random_state': 1, 'hidden_layer_sizes': 60}",1.0,0.63,60,0.0005,70,1
1583,"{'learning_rate_init': 0.0005, 'max_iter': 70, 'random_state': 3, 'hidden_layer_sizes': 70}",1.0,0.676,70,0.0005,70,3
1830,"{'learning_rate_init': 0.0005, 'max_iter': 70, 'random_state': 0, 'hidden_layer_sizes': 80}",1.0,0.686,80,0.0005,70,0
2080,"{'learning_rate_init': 0.0005, 'max_iter': 70, 'random_state': 0, 'hidden_layer_sizes': 90}",1.0,0.694,90,0.0005,70,0
2333,"{'learning_rate_init': 0.0005, 'max_iter': 70, 'random_state': 3, 'hidden_layer_sizes': 100}",1.0,0.716,100,0.0005,70,3
86,"{'learning_rate_init': 0.0005, 'max_iter': 80, 'random_state': 1, 'hidden_layer_sizes': 10}",0.20996826737863986,0.178,10,0.0005,80,1
339,"{'learning_rate_init': 0.0005, 'max_iter': 80, 'random_state': 4, 'hidden_layer_sizes': 20}",0.42399951136270725,0.326,20,0.0005,80,4
586,"{'learning_rate_init': 0.0005, 'max_iter': 80, 'random_state': 1, 'hidden_layer_sizes': 30}",0.9930135434113659,0.602,30,0.0005,80,1
837,"{'learning_rate_init': 0.0005, 'max_iter': 80, 'random_state': 2, 'hidden_layer_sizes': 40}",0.9959897322802646,0.606,40,0.0005,80,2
1089,"{'learning_rate_init': 0.0005, 'max_iter': 80, 'random_state': 4, 'hidden_layer_sizes': 50}",1.0,0.614,50,0.0005,80,4
1336,"{'learning_rate_init': 0.0005, 'max_iter': 80, 'random_state': 1, 'hidden_layer_sizes': 60}",1.0,0.632,60,0.0005,80,1
1588,"{'learning_rate_init': 0.0005, 'max_iter': 80, 'random_state': 3, 'hidden_layer_sizes': 70}",1.0,0.676,70,0.0005,80,3
1835,"{'learning_rate_init': 0.0005, 'max_iter': 80, 'random_state': 0, 'hidden_layer_sizes': 80}",1.0,0.686,80,0.0005,80,0
2085,"{'learning_rate_init': 0.0005, 'max_iter': 80, 'random_state': 0, 'hidden_layer_sizes': 90}",1.0,0.692,90,0.0005,80,0
2338,"{'learning_rate_init': 0.0005, 'max_iter': 80, 'random_state': 3, 'hidden_layer_sizes': 100}",1.0,0.716,100,0.0005,80,3
91,"{'learning_rate_init': 0.0005, 'max_iter': 90, 'random_state': 1, 'hidden_layer_sizes': 10}",0.21396060543643913,0.18,10,0.0005,90,1
344,"{'learning_rate_init': 0.0005, 'max_iter': 90, 'random_state': 4, 'hidden_layer_sizes': 20}",0.43298820354256273,0.336,20,0.0005,90,4
591,"{'learning_rate_init': 0.0005, 'max_iter': 90, 'random_state': 1, 'hidden_layer_sizes': 30}",0.9950215755398798,0.602,30,0.0005,90,1
842,"{'learning_rate_init': 0.0005, 'max_iter': 90, 'random_state': 2, 'hidden_layer_sizes': 40}",0.9959897322802646,0.608,40,0.0005,90,2
1091,"{'learning_rate_init': 0.0005, 'max_iter': 90, 'random_state': 1, 'hidden_layer_sizes': 50}",1.0,0.616,50,0.0005,90,1
1344,"{'learning_rate_init': 0.0005, 'max_iter': 90, 'random_state': 4, 'hidden_layer_sizes': 60}",1.0,0.63,60,0.0005,90,4
1593,"{'learning_rate_init': 0.0005, 'max_iter': 90, 'random_state': 3, 'hidden_layer_sizes': 70}",1.0,0.676,70,0.0005,90,3
1840,"{'learning_rate_init': 0.0005, 'max_iter': 90, 'random_state': 0, 'hidden_layer_sizes': 80}",1.0,0.684,80,0.0005,90,0
2090,"{'learning_rate_init': 0.0005, 'max_iter': 90, 'random_state': 0, 'hidden_layer_sizes': 90}",1.0,0.692,90,0.0005,90,0
2343,"{'learning_rate_init': 0.0005, 'max_iter': 90, 'random_state': 3, 'hidden_layer_sizes': 100}",1.0,0.716,100,0.0005,90,3
96,"{'learning_rate_init': 0.0005, 'max_iter': 100, 'random_state': 1, 'hidden_layer_sizes': 10}",0.21396060543643913,0.182,10,0.0005,100,1
349,"{'learning_rate_init': 0.0005, 'max_iter': 100, 'random_state': 4, 'hidden_layer_sizes': 20}",0.4369595786572649,0.338,20,0.0005,100,4
596,"{'learning_rate_init': 0.0005, 'max_iter': 100, 'random_state': 1, 'hidden_layer_sizes': 30}",0.9960106952233616,0.602,30,0.0005,100,1
847,"{'learning_rate_init': 0.0005, 'max_iter': 100, 'random_state': 2, 'hidden_layer_sizes': 40}",0.9959897322802646,0.614,40,0.0005,100,2
1096,"{'learning_rate_init': 0.0005, 'max_iter': 100, 'random_state': 1, 'hidden_layer_sizes': 50}",1.0,0.614,50,0.0005,100,1
1349,"{'learning_rate_init': 0.0005, 'max_iter': 100, 'random_state': 4, 'hidden_layer_sizes': 60}",1.0,0.634,60,0.0005,100,4
1598,"{'learning_rate_init': 0.0005, 'max_iter': 100, 'random_state': 3, 'hidden_layer_sizes': 70}",1.0,0.678,70,0.0005,100,3
1845,"{'learning_rate_init': 0.0005, 'max_iter': 100, 'random_state': 0, 'hidden_layer_sizes': 80}",1.0,0.682,80,0.0005,100,0
2095,"{'learning_rate_init': 0.0005, 'max_iter': 100, 'random_state': 0, 'hidden_layer_sizes': 90}",1.0,0.692,90,0.0005,100,0
2348,"{'learning_rate_init': 0.0005, 'max_iter': 100, 'random_state': 3, 'hidden_layer_sizes': 100}",1.0,0.716,100,0.0005,100,3
102,"{'learning_rate_init': 0.001, 'max_iter': 10, 'random_state': 2, 'hidden_layer_sizes': 10}",0.14497704121190402,0.142,10,0.001,10,2
353,"{'learning_rate_init': 0.001, 'max_iter': 10, 'random_state': 3, 'hidden_layer_sizes': 20}",0.3169171256822137,0.27,20,0.001,10,3
601,"{'learning_rate_init': 0.001, 'max_iter': 10, 'random_state': 1, 'hidden_layer_sizes': 30}",0.6412444132271509,0.52,30,0.001,10,1
851,"{'learning_rate_init': 0.001, 'max_iter': 10, 'random_state': 1, 'hidden_layer_sizes': 40}",0.712985977096189,0.54,40,0.001,10,1
1104,"{'learning_rate_init': 0.001, 'max_iter': 10, 'random_state': 4, 'hidden_layer_sizes': 50}",0.8160001296840207,0.61,50,0.001,10,4
1354,"{'learning_rate_init': 0.001, 'max_iter': 10, 'random_state': 4, 'hidden_layer_sizes': 60}",0.8339052553459285,0.632,60,0.001,10,4
1600,"{'learning_rate_init': 0.001, 'max_iter': 10, 'random_state': 0, 'hidden_layer_sizes': 70}",0.911945927091874,0.68,70,0.001,10,0
1853,"{'learning_rate_init': 0.001, 'max_iter': 10, 'random_state': 3, 'hidden_layer_sizes': 80}",0.9060410017525343,0.684,80,0.001,10,3
2101,"{'learning_rate_init': 0.001, 'max_iter': 10, 'random_state': 1, 'hidden_layer_sizes': 90}",0.9531533216876938,0.712,90,0.001,10,1
2351,"{'learning_rate_init': 0.001, 'max_iter': 10, 'random_state': 1, 'hidden_layer_sizes': 100}",0.9580420978381329,0.72,100,0.001,10,1
107,"{'learning_rate_init': 0.001, 'max_iter': 20, 'random_state': 2, 'hidden_layer_sizes': 10}",0.1399627574279115,0.134,10,0.001,20,2
359,"{'learning_rate_init': 0.001, 'max_iter': 20, 'random_state': 4, 'hidden_layer_sizes': 20}",0.2928135934776066,0.242,20,0.001,20,4
606,"{'learning_rate_init': 0.001, 'max_iter': 20, 'random_state': 1, 'hidden_layer_sizes': 30}",0.8721273612293672,0.62,30,0.001,20,1
856,"{'learning_rate_init': 0.001, 'max_iter': 20, 'random_state': 1, 'hidden_layer_sizes': 40}",0.9199510261005113,0.632,40,0.001,20,1
1109,"{'learning_rate_init': 0.001, 'max_iter': 20, 'random_state': 4, 'hidden_layer_sizes': 50}",0.9860152237231175,0.664,50,0.001,20,4
1358,"{'learning_rate_init': 0.001, 'max_iter': 20, 'random_state': 3, 'hidden_layer_sizes': 60}",0.9700668344350175,0.684,60,0.001,20,3
1608,"{'learning_rate_init': 0.001, 'max_iter': 20, 'random_state': 3, 'hidden_layer_sizes': 70}",0.9890391350155029,0.71,70,0.001,20,3
1855,"{'learning_rate_init': 0.001, 'max_iter': 20, 'random_state': 0, 'hidden_layer_sizes': 80}",0.9839801620891843,0.736,80,0.001,20,0
2106,"{'learning_rate_init': 0.001, 'max_iter': 20, 'random_state': 1, 'hidden_layer_sizes': 90}",1.0,0.732,90,0.001,20,1
2358,"{'learning_rate_init': 0.001, 'max_iter': 20, 'random_state': 3, 'hidden_layer_sizes': 100}",0.998992950654582,0.75,100,0.001,20,3
111,"{'learning_rate_init': 0.001, 'max_iter': 30, 'random_state': 1, 'hidden_layer_sizes': 10}",0.1681088433449073,0.148,10,0.001,30,1
362,"{'learning_rate_init': 0.001, 'max_iter': 30, 'random_state': 2, 'hidden_layer_sizes': 20}",0.35823432145572437,0.272,20,0.001,30,2
611,"{'learning_rate_init': 0.001, 'max_iter': 30, 'random_state': 1, 'hidden_layer_sizes': 30}",0.9571037338592988,0.642,30,0.001,30,1
861,"{'learning_rate_init': 0.001, 'max_iter': 30, 'random_state': 1, 'hidden_layer_sizes': 40}",0.9809648105902232,0.636,40,0.001,30,1
1114,"{'learning_rate_init': 0.001, 'max_iter': 30, 'random_state': 4, 'hidden_layer_sizes': 50}",0.9979919678714859,0.676,50,0.001,30,4
1364,"{'learning_rate_init': 0.001, 'max_iter': 30, 'random_state': 4, 'hidden_layer_sizes': 60}",1.0,0.696,60,0.001,30,4
1614,"{'learning_rate_init': 0.001, 'max_iter': 30, 'random_state': 4, 'hidden_layer_sizes': 70}",1.0,0.72,70,0.001,30,4
1860,"{'learning_rate_init': 0.001, 'max_iter': 30, 'random_state': 0, 'hidden_layer_sizes': 80}",1.0,0.752,80,0.001,30,0
2111,"{'learning_rate_init': 0.001, 'max_iter': 30, 'random_state': 1, 'hidden_layer_sizes': 90}",1.0,0.73,90,0.001,30,1
2363,"{'learning_rate_init': 0.001, 'max_iter': 30, 'random_state': 3, 'hidden_layer_sizes': 100}",1.0,0.746,100,0.001,30,3
116,"{'learning_rate_init': 0.001, 'max_iter': 40, 'random_state': 1, 'hidden_layer_sizes': 10}",0.17414203957393218,0.156,10,0.001,40,1
367,"{'learning_rate_init': 0.001, 'max_iter': 40, 'random_state': 2, 'hidden_layer_sizes': 20}",0.38226256168136735,0.312,20,0.001,40,2
616,"{'learning_rate_init': 0.001, 'max_iter': 40, 'random_state': 1, 'hidden_layer_sizes': 30}",0.9870639289297003,0.65,30,0.001,40,1
866,"{'learning_rate_init': 0.001, 'max_iter': 40, 'random_state': 1, 'hidden_layer_sizes': 40}",0.9950036458779437,0.652,40,0.001,40,1
1119,"{'learning_rate_init': 0.001, 'max_iter': 40, 'random_state': 4, 'hidden_layer_sizes': 50}",1.0,0.674,50,0.001,40,4
1369,"{'learning_rate_init': 0.001, 'max_iter': 40, 'random_state': 4, 'hidden_layer_sizes': 60}",1.0,0.694,60,0.001,40,4
1619,"{'learning_rate_init': 0.001, 'max_iter': 40, 'random_state': 4, 'hidden_layer_sizes': 70}",1.0,0.72,70,0.001,40,4
1865,"{'learning_rate_init': 0.001, 'max_iter': 40, 'random_state': 0, 'hidden_layer_sizes': 80}",1.0,0.76,80,0.001,40,0
2116,"{'learning_rate_init': 0.001, 'max_iter': 40, 'random_state': 1, 'hidden_layer_sizes': 90}",1.0,0.73,90,0.001,40,1
2368,"{'learning_rate_init': 0.001, 'max_iter': 40, 'random_state': 3, 'hidden_layer_sizes': 100}",1.0,0.748,100,0.001,40,3
121,"{'learning_rate_init': 0.001, 'max_iter': 50, 'random_state': 1, 'hidden_layer_sizes': 10}",0.17816720367444297,0.16,10,0.001,50,1
372,"{'learning_rate_init': 0.001, 'max_iter': 50, 'random_state': 2, 'hidden_layer_sizes': 20}",0.39028282709580914,0.324,20,0.001,50,2
621,"{'learning_rate_init': 0.001, 'max_iter': 50, 'random_state': 1, 'hidden_layer_sizes': 30}",0.9930433361729166,0.656,30,0.001,50,1
871,"{'learning_rate_init': 0.001, 'max_iter': 50, 'random_state': 1, 'hidden_layer_sizes': 40}",0.998995983935743,0.656,40,0.001,50,1
1124,"{'learning_rate_init': 0.001, 'max_iter': 50, 'random_state': 4, 'hidden_layer_sizes': 50}",1.0,0.676,50,0.001,50,4
1374,"{'learning_rate_init': 0.001, 'max_iter': 50, 'random_state': 4, 'hidden_layer_sizes': 60}",1.0,0.694,60,0.001,50,4
1624,"{'learning_rate_init': 0.001, 'max_iter': 50, 'random_state': 4, 'hidden_layer_sizes': 70}",1.0,0.72,70,0.001,50,4
1870,"{'learning_rate_init': 0.001, 'max_iter': 50, 'random_state': 0, 'hidden_layer_sizes': 80}",1.0,0.76,80,0.001,50,0
2121,"{'learning_rate_init': 0.001, 'max_iter': 50, 'random_state': 1, 'hidden_layer_sizes': 90}",1.0,0.73,90,0.001,50,1
2373,"{'learning_rate_init': 0.001, 'max_iter': 50, 'random_state': 3, 'hidden_layer_sizes': 100}",1.0,0.746,100,0.001,50,3
128,"{'learning_rate_init': 0.001, 'max_iter': 60, 'random_state': 3, 'hidden_layer_sizes': 10}",0.195935228628212,0.166,10,0.001,60,3
377,"{'learning_rate_init': 0.001, 'max_iter': 60, 'random_state': 2, 'hidden_layer_sizes': 20}",0.4003050580764432,0.336,20,0.001,60,2
626,"{'learning_rate_init': 0.001, 'max_iter': 60, 'random_state': 1, 'hidden_layer_sizes': 30}",0.9940324558563982,0.658,30,0.001,60,1
876,"{'learning_rate_init': 0.001, 'max_iter': 60, 'random_state': 1, 'hidden_layer_sizes': 40}",0.998995983935743,0.66,40,0.001,60,1
1129,"{'learning_rate_init': 0.001, 'max_iter': 60, 'random_state': 4, 'hidden_layer_sizes': 50}",1.0,0.676,50,0.001,60,4
1378,"{'learning_rate_init': 0.001, 'max_iter': 60, 'random_state': 3, 'hidden_layer_sizes': 60}",1.0,0.694,60,0.001,60,3
1629,"{'learning_rate_init': 0.001, 'max_iter': 60, 'random_state': 4, 'hidden_layer_sizes': 70}",1.0,0.72,70,0.001,60,4
1875,"{'learning_rate_init': 0.001, 'max_iter': 60, 'random_state': 0, 'hidden_layer_sizes': 80}",1.0,0.76,80,0.001,60,0
2126,"{'learning_rate_init': 0.001, 'max_iter': 60, 'random_state': 1, 'hidden_layer_sizes': 90}",1.0,0.73,90,0.001,60,1
2378,"{'learning_rate_init': 0.001, 'max_iter': 60, 'random_state': 3, 'hidden_layer_sizes': 100}",1.0,0.746,100,0.001,60,3
133,"{'learning_rate_init': 0.001, 'max_iter': 70, 'random_state': 3, 'hidden_layer_sizes': 10}",0.1939123001189226,0.174,10,0.001,70,3
382,"{'learning_rate_init': 0.001, 'max_iter': 70, 'random_state': 2, 'hidden_layer_sizes': 20}",0.46316550773724324,0.374,20,0.001,70,2
631,"{'learning_rate_init': 0.001, 'max_iter': 70, 'random_state': 1, 'hidden_layer_sizes': 30}",0.9940324558563982,0.654,30,0.001,70,1
881,"{'learning_rate_init': 0.001, 'max_iter': 70, 'random_state': 1, 'hidden_layer_sizes': 40}",0.998995983935743,0.658,40,0.001,70,1
1134,"{'learning_rate_init': 0.001, 'max_iter': 70, 'random_state': 4, 'hidden_layer_sizes': 50}",1.0,0.676,50,0.001,70,4
1383,"{'learning_rate_init': 0.001, 'max_iter': 70, 'random_state': 3, 'hidden_layer_sizes': 60}",1.0,0.694,60,0.001,70,3
1634,"{'learning_rate_init': 0.001, 'max_iter': 70, 'random_state': 4, 'hidden_layer_sizes': 70}",1.0,0.72,70,0.001,70,4
1880,"{'learning_rate_init': 0.001, 'max_iter': 70, 'random_state': 0, 'hidden_layer_sizes': 80}",1.0,0.758,80,0.001,70,0
2131,"{'learning_rate_init': 0.001, 'max_iter': 70, 'random_state': 1, 'hidden_layer_sizes': 90}",1.0,0.73,90,0.001,70,1
2383,"{'learning_rate_init': 0.001, 'max_iter': 70, 'random_state': 3, 'hidden_layer_sizes': 100}",1.0,0.746,100,0.001,70,3
138,"{'learning_rate_init': 0.001, 'max_iter': 80, 'random_state': 3, 'hidden_layer_sizes': 10}",0.1988727949171065,0.176,10,0.001,80,3
387,"{'learning_rate_init': 0.001, 'max_iter': 80, 'random_state': 2, 'hidden_layer_sizes': 20}",0.4731253899386442,0.374,20,0.001,80,2
636,"{'learning_rate_init': 0.001, 'max_iter': 80, 'random_state': 1, 'hidden_layer_sizes': 30}",0.9940324558563982,0.658,30,0.001,80,1
886,"{'learning_rate_init': 0.001, 'max_iter': 80, 'random_state': 1, 'hidden_layer_sizes': 40}",0.998995983935743,0.658,40,0.001,80,1
1139,"{'learning_rate_init': 0.001, 'max_iter': 80, 'random_state': 4, 'hidden_layer_sizes': 50}",1.0,0.676,50,0.001,80,4
1388,"{'learning_rate_init': 0.001, 'max_iter': 80, 'random_state': 3, 'hidden_layer_sizes': 60}",1.0,0.694,60,0.001,80,3
1639,"{'learning_rate_init': 0.001, 'max_iter': 80, 'random_state': 4, 'hidden_layer_sizes': 70}",1.0,0.72,70,0.001,80,4
1885,"{'learning_rate_init': 0.001, 'max_iter': 80, 'random_state': 0, 'hidden_layer_sizes': 80}",1.0,0.758,80,0.001,80,0
2136,"{'learning_rate_init': 0.001, 'max_iter': 80, 'random_state': 1, 'hidden_layer_sizes': 90}",1.0,0.73,90,0.001,80,1
2388,"{'learning_rate_init': 0.001, 'max_iter': 80, 'random_state': 3, 'hidden_layer_sizes': 100}",1.0,0.746,100,0.001,80,3
143,"{'learning_rate_init': 0.001, 'max_iter': 90, 'random_state': 3, 'hidden_layer_sizes': 10}",0.2038928752383916,0.178,10,0.001,90,3
392,"{'learning_rate_init': 0.001, 'max_iter': 90, 'random_state': 2, 'hidden_layer_sizes': 20}",0.4861839353613366,0.38,20,0.001,90,2
641,"{'learning_rate_init': 0.001, 'max_iter': 90, 'random_state': 1, 'hidden_layer_sizes': 30}",0.9940324558563982,0.656,30,0.001,90,1
892,"{'learning_rate_init': 0.001, 'max_iter': 90, 'random_state': 2, 'hidden_layer_sizes': 40}",0.9929716175251716,0.662,40,0.001,90,2
1144,"{'learning_rate_init': 0.001, 'max_iter': 90, 'random_state': 4, 'hidden_layer_sizes': 50}",1.0,0.676,50,0.001,90,4
1393,"{'learning_rate_init': 0.001, 'max_iter': 90, 'random_state': 3, 'hidden_layer_sizes': 60}",1.0,0.694,60,0.001,90,3
1644,"{'learning_rate_init': 0.001, 'max_iter': 90, 'random_state': 4, 'hidden_layer_sizes': 70}",1.0,0.72,70,0.001,90,4
1890,"{'learning_rate_init': 0.001, 'max_iter': 90, 'random_state': 0, 'hidden_layer_sizes': 80}",1.0,0.758,80,0.001,90,0
2141,"{'learning_rate_init': 0.001, 'max_iter': 90, 'random_state': 1, 'hidden_layer_sizes': 90}",1.0,0.73,90,0.001,90,1
2393,"{'learning_rate_init': 0.001, 'max_iter': 90, 'random_state': 3, 'hidden_layer_sizes': 100}",1.0,0.746,100,0.001,90,3
148,"{'learning_rate_init': 0.001, 'max_iter': 100, 'random_state': 3, 'hidden_layer_sizes': 10}",0.20489689130264863,0.182,10,0.001,100,3
397,"{'learning_rate_init': 0.001, 'max_iter': 100, 'random_state': 2, 'hidden_layer_sizes': 20}",0.4981968088586068,0.394,20,0.001,100,2
646,"{'learning_rate_init': 0.001, 'max_iter': 100, 'random_state': 1, 'hidden_layer_sizes': 30}",0.9950215755398798,0.652,30,0.001,100,1
897,"{'learning_rate_init': 0.001, 'max_iter': 100, 'random_state': 2, 'hidden_layer_sizes': 40}",0.9949677865540713,0.66,40,0.001,100,2
1149,"{'learning_rate_init': 0.001, 'max_iter': 100, 'random_state': 4, 'hidden_layer_sizes': 50}",1.0,0.676,50,0.001,100,4
1398,"{'learning_rate_init': 0.001, 'max_iter': 100, 'random_state': 3, 'hidden_layer_sizes': 60}",1.0,0.694,60,0.001,100,3
1649,"{'learning_rate_init': 0.001, 'max_iter': 100, 'random_state': 4, 'hidden_layer_sizes': 70}",1.0,0.72,70,0.001,100,4
1895,"{'learning_rate_init': 0.001, 'max_iter': 100, 'random_state': 0, 'hidden_layer_sizes': 80}",1.0,0.758,80,0.001,100,0
2146,"{'learning_rate_init': 0.001, 'max_iter': 100, 'random_state': 1, 'hidden_layer_sizes': 90}",1.0,0.73,90,0.001,100,1
2398,"{'learning_rate_init': 0.001, 'max_iter': 100, 'random_state': 3, 'hidden_layer_sizes': 100}",1.0,0.746,100,0.001,100,3
153,"{'learning_rate_init': 0.005, 'max_iter': 10, 'random_state': 3, 'hidden_layer_sizes': 10}",0.1400940615987577,0.138,10,0.005,10,3
402,"{'learning_rate_init': 0.005, 'max_iter': 10, 'random_state': 2, 'hidden_layer_sizes': 20}",0.23021352895242564,0.22,20,0.005,10,2
652,"{'learning_rate_init': 0.005, 'max_iter': 10, 'random_state': 2, 'hidden_layer_sizes': 30}",0.554486757486525,0.476,30,0.005,10,2
900,"{'learning_rate_init': 0.005, 'max_iter': 10, 'random_state': 0, 'hidden_layer_sizes': 40}",0.7232338769945263,0.56,40,0.005,10,0
1151,"{'learning_rate_init': 0.005, 'max_iter': 10, 'random_state': 1, 'hidden_layer_sizes': 50}",0.9259966254792089,0.69,50,0.005,10,1
1404,"{'learning_rate_init': 0.005, 'max_iter': 10, 'random_state': 4, 'hidden_layer_sizes': 60}",0.8598786388707942,0.688,60,0.005,10,4
1650,"{'learning_rate_init': 0.005, 'max_iter': 10, 'random_state': 0, 'hidden_layer_sizes': 70}",0.9529682285310389,0.758,70,0.005,10,0
1903,"{'learning_rate_init': 0.005, 'max_iter': 10, 'random_state': 3, 'hidden_layer_sizes': 80}",0.9158425502776703,0.736,80,0.005,10,3
2152,"{'learning_rate_init': 0.005, 'max_iter': 10, 'random_state': 2, 'hidden_layer_sizes': 90}",0.9260829704826999,0.752,90,0.005,10,2
2404,"{'learning_rate_init': 0.005, 'max_iter': 10, 'random_state': 4, 'hidden_layer_sizes': 100}",0.9541871305135016,0.766,100,0.005,10,4
158,"{'learning_rate_init': 0.005, 'max_iter': 20, 'random_state': 3, 'hidden_layer_sizes': 10}",0.151138238305585,0.15,10,0.005,20,3
407,"{'learning_rate_init': 0.005, 'max_iter': 20, 'random_state': 2, 'hidden_layer_sizes': 20}",0.29557163812628123,0.288,20,0.005,20,2
657,"{'learning_rate_init': 0.005, 'max_iter': 20, 'random_state': 2, 'hidden_layer_sizes': 30}",0.6103226680287449,0.504,30,0.005,20,2
905,"{'learning_rate_init': 0.005, 'max_iter': 20, 'random_state': 0, 'hidden_layer_sizes': 40}",0.8289544634471259,0.608,40,0.005,20,0
1156,"{'learning_rate_init': 0.005, 'max_iter': 20, 'random_state': 1, 'hidden_layer_sizes': 50}",0.9839713322707307,0.724,50,0.005,20,1
1409,"{'learning_rate_init': 0.005, 'max_iter': 20, 'random_state': 4, 'hidden_layer_sizes': 60}",0.9749197512615839,0.702,60,0.005,20,4
1655,"{'learning_rate_init': 0.005, 'max_iter': 20, 'random_state': 0, 'hidden_layer_sizes': 70}",0.998992950654582,0.756,70,0.005,20,0
1908,"{'learning_rate_init': 0.005, 'max_iter': 20, 'random_state': 3, 'hidden_layer_sizes': 80}",1.0,0.754,80,0.005,20,3
2157,"{'learning_rate_init': 0.005, 'max_iter': 20, 'random_state': 2, 'hidden_layer_sizes': 90}",0.9960435212660732,0.776,90,0.005,20,2
2409,"{'learning_rate_init': 0.005, 'max_iter': 20, 'random_state': 4, 'hidden_layer_sizes': 100}",1.0,0.776,100,0.005,20,4
163,"{'learning_rate_init': 0.005, 'max_iter': 30, 'random_state': 3, 'hidden_layer_sizes': 10}",0.15214225436984205,0.15,10,0.005,30,3
412,"{'learning_rate_init': 0.005, 'max_iter': 30, 'random_state': 2, 'hidden_layer_sizes': 20}",0.3176569582587749,0.3,20,0.005,30,2
662,"{'learning_rate_init': 0.005, 'max_iter': 30, 'random_state': 2, 'hidden_layer_sizes': 30}",0.6522151881302182,0.558,30,0.005,30,2
910,"{'learning_rate_init': 0.005, 'max_iter': 30, 'random_state': 0, 'hidden_layer_sizes': 40}",0.8548867311608848,0.646,40,0.005,30,0
1161,"{'learning_rate_init': 0.005, 'max_iter': 30, 'random_state': 1, 'hidden_layer_sizes': 50}",0.9849604519542124,0.73,50,0.005,30,1
1410,"{'learning_rate_init': 0.005, 'max_iter': 30, 'random_state': 0, 'hidden_layer_sizes': 60}",0.9660419403595357,0.708,60,0.005,30,0
1662,"{'learning_rate_init': 0.005, 'max_iter': 30, 'random_state': 2, 'hidden_layer_sizes': 70}",0.9969788519637461,0.762,70,0.005,30,2
1913,"{'learning_rate_init': 0.005, 'max_iter': 30, 'random_state': 3, 'hidden_layer_sizes': 80}",1.0,0.764,80,0.005,30,3
2160,"{'learning_rate_init': 0.005, 'max_iter': 30, 'random_state': 0, 'hidden_layer_sizes': 90}",1.0,0.776,90,0.005,30,0
2414,"{'learning_rate_init': 0.005, 'max_iter': 30, 'random_state': 4, 'hidden_layer_sizes': 100}",1.0,0.776,100,0.005,30,4
168,"{'learning_rate_init': 0.005, 'max_iter': 40, 'random_state': 3, 'hidden_layer_sizes': 10}",0.15214225436984205,0.15,10,0.005,40,3
418,"{'learning_rate_init': 0.005, 'max_iter': 40, 'random_state': 3, 'hidden_layer_sizes': 20}",0.3332977800378273,0.308,20,0.005,40,3
667,"{'learning_rate_init': 0.005, 'max_iter': 40, 'random_state': 2, 'hidden_layer_sizes': 30}",0.6672759691441318,0.574,30,0.005,40,2
915,"{'learning_rate_init': 0.005, 'max_iter': 40, 'random_state': 0, 'hidden_layer_sizes': 40}",0.864957224615064,0.66,40,0.005,40,0
1166,"{'learning_rate_init': 0.005, 'max_iter': 40, 'random_state': 1, 'hidden_layer_sizes': 50}",0.9859644680184695,0.736,50,0.005,40,1
1415,"{'learning_rate_init': 0.005, 'max_iter': 40, 'random_state': 0, 'hidden_layer_sizes': 60}",0.9730761193716568,0.704,60,0.005,40,0
1665,"{'learning_rate_init': 0.005, 'max_iter': 40, 'random_state': 0, 'hidden_layer_sizes': 70}",1.0,0.756,70,0.005,40,0
1918,"{'learning_rate_init': 0.005, 'max_iter': 40, 'random_state': 3, 'hidden_layer_sizes': 80}",1.0,0.764,80,0.005,40,3
2165,"{'learning_rate_init': 0.005, 'max_iter': 40, 'random_state': 0, 'hidden_layer_sizes': 90}",1.0,0.776,90,0.005,40,0
2419,"{'learning_rate_init': 0.005, 'max_iter': 40, 'random_state': 4, 'hidden_layer_sizes': 100}",1.0,0.776,100,0.005,40,4
173,"{'learning_rate_init': 0.005, 'max_iter': 50, 'random_state': 3, 'hidden_layer_sizes': 10}",0.15214225436984205,0.15,10,0.005,50,3
423,"{'learning_rate_init': 0.005, 'max_iter': 50, 'random_state': 3, 'hidden_layer_sizes': 20}",0.346368188560134,0.31,20,0.005,50,3
672,"{'learning_rate_init': 0.005, 'max_iter': 50, 'random_state': 2, 'hidden_layer_sizes': 30}",0.6783355822817928,0.588,30,0.005,50,2
920,"{'learning_rate_init': 0.005, 'max_iter': 50, 'random_state': 0, 'hidden_layer_sizes': 40}",0.8980613120991411,0.69,40,0.005,50,0
1171,"{'learning_rate_init': 0.005, 'max_iter': 50, 'random_state': 1, 'hidden_layer_sizes': 50}",0.9869715173638874,0.738,50,0.005,50,1
1420,"{'learning_rate_init': 0.005, 'max_iter': 50, 'random_state': 0, 'hidden_layer_sizes': 60}",0.9740801354359138,0.714,60,0.005,50,0
1672,"{'learning_rate_init': 0.005, 'max_iter': 50, 'random_state': 2, 'hidden_layer_sizes': 70}",0.9979859013091641,0.764,70,0.005,50,2
1923,"{'learning_rate_init': 0.005, 'max_iter': 50, 'random_state': 3, 'hidden_layer_sizes': 80}",1.0,0.764,80,0.005,50,3
2170,"{'learning_rate_init': 0.005, 'max_iter': 50, 'random_state': 0, 'hidden_layer_sizes': 90}",1.0,0.776,90,0.005,50,0
2424,"{'learning_rate_init': 0.005, 'max_iter': 50, 'random_state': 4, 'hidden_layer_sizes': 100}",1.0,0.776,100,0.005,50,4
178,"{'learning_rate_init': 0.005, 'max_iter': 60, 'random_state': 3, 'hidden_layer_sizes': 10}",0.15214225436984205,0.15,10,0.005,60,3
428,"{'learning_rate_init': 0.005, 'max_iter': 60, 'random_state': 3, 'hidden_layer_sizes': 20}",0.3564386820143133,0.308,20,0.005,60,3
677,"{'learning_rate_init': 0.005, 'max_iter': 60, 'random_state': 2, 'hidden_layer_sizes': 30}",0.6883164274262911,0.5960000000000001,30,0.005,60,2
925,"{'learning_rate_init': 0.005, 'max_iter': 60, 'random_state': 0, 'hidden_layer_sizes': 40}",0.9040078932996457,0.694,40,0.005,60,0
1176,"{'learning_rate_init': 0.005, 'max_iter': 60, 'random_state': 1, 'hidden_layer_sizes': 50}",0.9879755334281445,0.74,50,0.005,60,1
1425,"{'learning_rate_init': 0.005, 'max_iter': 60, 'random_state': 0, 'hidden_layer_sizes': 60}",0.9760912008455888,0.714,60,0.005,60,0
1677,"{'learning_rate_init': 0.005, 'max_iter': 60, 'random_state': 2, 'hidden_layer_sizes': 70}",0.9979859013091641,0.762,70,0.005,60,2
1928,"{'learning_rate_init': 0.005, 'max_iter': 60, 'random_state': 3, 'hidden_layer_sizes': 80}",1.0,0.764,80,0.005,60,3
2175,"{'learning_rate_init': 0.005, 'max_iter': 60, 'random_state': 0, 'hidden_layer_sizes': 90}",1.0,0.776,90,0.005,60,0
2429,"{'learning_rate_init': 0.005, 'max_iter': 60, 'random_state': 4, 'hidden_layer_sizes': 100}",1.0,0.776,100,0.005,60,4
183,"{'learning_rate_init': 0.005, 'max_iter': 70, 'random_state': 3, 'hidden_layer_sizes': 10}",0.15214225436984205,0.15,10,0.005,70,3
433,"{'learning_rate_init': 0.005, 'max_iter': 70, 'random_state': 3, 'hidden_layer_sizes': 20}",0.3564386820143133,0.308,20,0.005,70,3
682,"{'learning_rate_init': 0.005, 'max_iter': 70, 'random_state': 2, 'hidden_layer_sizes': 30}",0.6923804841318352,0.594,30,0.005,70,2
930,"{'learning_rate_init': 0.005, 'max_iter': 70, 'random_state': 0, 'hidden_layer_sizes': 40}",0.9060159254281598,0.698,40,0.005,70,0
1181,"{'learning_rate_init': 0.005, 'max_iter': 70, 'random_state': 1, 'hidden_layer_sizes': 50}",0.9909875816209156,0.74,50,0.005,70,1
1430,"{'learning_rate_init': 0.005, 'max_iter': 70, 'random_state': 0, 'hidden_layer_sizes': 60}",0.9770952169098458,0.716,60,0.005,70,0
1682,"{'learning_rate_init': 0.005, 'max_iter': 70, 'random_state': 2, 'hidden_layer_sizes': 70}",0.9979859013091641,0.766,70,0.005,70,2
1931,"{'learning_rate_init': 0.005, 'max_iter': 70, 'random_state': 1, 'hidden_layer_sizes': 80}",1.0,0.764,80,0.005,70,1
2180,"{'learning_rate_init': 0.005, 'max_iter': 70, 'random_state': 0, 'hidden_layer_sizes': 90}",1.0,0.774,90,0.005,70,0
2434,"{'learning_rate_init': 0.005, 'max_iter': 70, 'random_state': 4, 'hidden_layer_sizes': 100}",1.0,0.776,100,0.005,70,4
188,"{'learning_rate_init': 0.005, 'max_iter': 80, 'random_state': 3, 'hidden_layer_sizes': 10}",0.15214225436984205,0.15,10,0.005,80,3
438,"{'learning_rate_init': 0.005, 'max_iter': 80, 'random_state': 3, 'hidden_layer_sizes': 20}",0.3554316326688953,0.304,20,0.005,80,3
687,"{'learning_rate_init': 0.005, 'max_iter': 80, 'random_state': 2, 'hidden_layer_sizes': 30}",0.6983689912185341,0.592,30,0.005,80,2
935,"{'learning_rate_init': 0.005, 'max_iter': 80, 'random_state': 0, 'hidden_layer_sizes': 40}",0.9120612547818282,0.698,40,0.005,80,0
1186,"{'learning_rate_init': 0.005, 'max_iter': 80, 'random_state': 1, 'hidden_layer_sizes': 50}",0.9929807173686545,0.736,50,0.005,80,1
1435,"{'learning_rate_init': 0.005, 'max_iter': 80, 'random_state': 0, 'hidden_layer_sizes': 60}",0.9770952169098458,0.716,60,0.005,80,0
1687,"{'learning_rate_init': 0.005, 'max_iter': 80, 'random_state': 2, 'hidden_layer_sizes': 70}",0.9979859013091641,0.766,70,0.005,80,2
1936,"{'learning_rate_init': 0.005, 'max_iter': 80, 'random_state': 1, 'hidden_layer_sizes': 80}",1.0,0.764,80,0.005,80,1
2185,"{'learning_rate_init': 0.005, 'max_iter': 80, 'random_state': 0, 'hidden_layer_sizes': 90}",1.0,0.774,90,0.005,80,0
2439,"{'learning_rate_init': 0.005, 'max_iter': 80, 'random_state': 4, 'hidden_layer_sizes': 100}",1.0,0.776,100,0.005,80,4
193,"{'learning_rate_init': 0.005, 'max_iter': 90, 'random_state': 3, 'hidden_layer_sizes': 10}",0.15214225436984205,0.15,10,0.005,90,3
443,"{'learning_rate_init': 0.005, 'max_iter': 90, 'random_state': 3, 'hidden_layer_sizes': 20}",0.35744573135973123,0.308,20,0.005,90,3
692,"{'learning_rate_init': 0.005, 'max_iter': 90, 'random_state': 2, 'hidden_layer_sizes': 30}",0.6993939702258882,0.596,30,0.005,90,2
940,"{'learning_rate_init': 0.005, 'max_iter': 90, 'random_state': 0, 'hidden_layer_sizes': 40}",0.9130652708460852,0.696,40,0.005,90,0
1191,"{'learning_rate_init': 0.005, 'max_iter': 90, 'random_state': 1, 'hidden_layer_sizes': 50}",0.9929807173686545,0.736,50,0.005,90,1
1440,"{'learning_rate_init': 0.005, 'max_iter': 90, 'random_state': 0, 'hidden_layer_sizes': 60}",0.9770952169098458,0.716,60,0.005,90,0
1692,"{'learning_rate_init': 0.005, 'max_iter': 90, 'random_state': 2, 'hidden_layer_sizes': 70}",0.9979859013091641,0.766,70,0.005,90,2
1941,"{'learning_rate_init': 0.005, 'max_iter': 90, 'random_state': 1, 'hidden_layer_sizes': 80}",1.0,0.764,80,0.005,90,1
2190,"{'learning_rate_init': 0.005, 'max_iter': 90, 'random_state': 0, 'hidden_layer_sizes': 90}",1.0,0.774,90,0.005,90,0
2444,"{'learning_rate_init': 0.005, 'max_iter': 90, 'random_state': 4, 'hidden_layer_sizes': 100}",1.0,0.776,100,0.005,90,4
198,"{'learning_rate_init': 0.005, 'max_iter': 100, 'random_state': 3, 'hidden_layer_sizes': 10}",0.15214225436984205,0.15,10,0.005,100,3
448,"{'learning_rate_init': 0.005, 'max_iter': 100, 'random_state': 3, 'hidden_layer_sizes': 20}",0.3554316326688953,0.304,20,0.005,100,3
697,"{'learning_rate_init': 0.005, 'max_iter': 100, 'random_state': 2, 'hidden_layer_sizes': 30}",0.7074324353272954,0.598,30,0.005,100,2
945,"{'learning_rate_init': 0.005, 'max_iter': 100, 'random_state': 0, 'hidden_layer_sizes': 40}",0.9191045336374319,0.696,40,0.005,100,0
1196,"{'learning_rate_init': 0.005, 'max_iter': 100, 'random_state': 1, 'hidden_layer_sizes': 50}",0.9929807173686545,0.74,50,0.005,100,1
1445,"{'learning_rate_init': 0.005, 'max_iter': 100, 'random_state': 0, 'hidden_layer_sizes': 60}",0.9770952169098458,0.718,60,0.005,100,0
1697,"{'learning_rate_init': 0.005, 'max_iter': 100, 'random_state': 2, 'hidden_layer_sizes': 70}",0.9979859013091641,0.766,70,0.005,100,2
1946,"{'learning_rate_init': 0.005, 'max_iter': 100, 'random_state': 1, 'hidden_layer_sizes': 80}",1.0,0.764,80,0.005,100,1
2195,"{'learning_rate_init': 0.005, 'max_iter': 100, 'random_state': 0, 'hidden_layer_sizes': 90}",1.0,0.774,90,0.005,100,0
2449,"{'learning_rate_init': 0.005, 'max_iter': 100, 'random_state': 4, 'hidden_layer_sizes': 100}",1.0,0.776,100,0.005,100,4
202,"{'learning_rate_init': 0.01, 'max_iter': 10, 'random_state': 2, 'hidden_layer_sizes': 10}",0.13588987090391383,0.13,10,0.01,10,2
453,"{'learning_rate_init': 0.01, 'max_iter': 10, 'random_state': 3, 'hidden_layer_sizes': 20}",0.23720524202829407,0.204,20,0.01,10,3
702,"{'learning_rate_init': 0.01, 'max_iter': 10, 'random_state': 2, 'hidden_layer_sizes': 30}",0.33397602890607136,0.256,30,0.01,10,2
954,"{'learning_rate_init': 0.01, 'max_iter': 10, 'random_state': 4, 'hidden_layer_sizes': 40}",0.6853295635679063,0.558,40,0.01,10,4
1203,"{'learning_rate_init': 0.01, 'max_iter': 10, 'random_state': 3, 'hidden_layer_sizes': 50}",0.7571118202088387,0.582,50,0.01,10,3
1454,"{'learning_rate_init': 0.01, 'max_iter': 10, 'random_state': 4, 'hidden_layer_sizes': 60}",0.7263624949923857,0.606,60,0.01,10,4
1700,"{'learning_rate_init': 0.01, 'max_iter': 10, 'random_state': 0, 'hidden_layer_sizes': 70}",0.8466465933660322,0.71,70,0.01,10,0
1953,"{'learning_rate_init': 0.01, 'max_iter': 10, 'random_state': 3, 'hidden_layer_sizes': 80}",0.8037698770374423,0.648,80,0.01,10,3
2200,"{'learning_rate_init': 0.01, 'max_iter': 10, 'random_state': 0, 'hidden_layer_sizes': 90}",0.9031095020259619,0.73,90,0.01,10,0
2451,"{'learning_rate_init': 0.01, 'max_iter': 10, 'random_state': 1, 'hidden_layer_sizes': 100}",0.8473306837757404,0.698,100,0.01,10,1
207,"{'learning_rate_init': 0.01, 'max_iter': 20, 'random_state': 2, 'hidden_layer_sizes': 10}",0.13588987090391383,0.13,10,0.01,20,2
458,"{'learning_rate_init': 0.01, 'max_iter': 20, 'random_state': 3, 'hidden_layer_sizes': 20}",0.2512614669278925,0.224,20,0.01,20,3
707,"{'learning_rate_init': 0.01, 'max_iter': 20, 'random_state': 2, 'hidden_layer_sizes': 30}",0.33397602890607136,0.258,30,0.01,20,2
959,"{'learning_rate_init': 0.01, 'max_iter': 20, 'random_state': 4, 'hidden_layer_sizes': 40}",0.7462627995914198,0.58,40,0.01,20,4
1208,"{'learning_rate_init': 0.01, 'max_iter': 20, 'random_state': 3, 'hidden_layer_sizes': 50}",0.8230769996532518,0.65,50,0.01,20,3
1459,"{'learning_rate_init': 0.01, 'max_iter': 20, 'random_state': 4, 'hidden_layer_sizes': 60}",0.7759947425046723,0.602,60,0.01,20,4
1708,"{'learning_rate_init': 0.01, 'max_iter': 20, 'random_state': 3, 'hidden_layer_sizes': 70}",0.9518025754843268,0.742,70,0.01,20,3
1958,"{'learning_rate_init': 0.01, 'max_iter': 20, 'random_state': 3, 'hidden_layer_sizes': 80}",0.9138529878611509,0.682,80,0.01,20,3
2205,"{'learning_rate_init': 0.01, 'max_iter': 20, 'random_state': 0, 'hidden_layer_sizes': 90}",0.9870131732250526,0.748,90,0.01,20,0
2458,"{'learning_rate_init': 0.01, 'max_iter': 20, 'random_state': 3, 'hidden_layer_sizes': 100}",0.9267407964579052,0.712,100,0.01,20,3
212,"{'learning_rate_init': 0.01, 'max_iter': 30, 'random_state': 2, 'hidden_layer_sizes': 10}",0.13588987090391383,0.13,10,0.01,30,2
463,"{'learning_rate_init': 0.01, 'max_iter': 30, 'random_state': 3, 'hidden_layer_sizes': 20}",0.25828957937769165,0.234,20,0.01,30,3
710,"{'learning_rate_init': 0.01, 'max_iter': 30, 'random_state': 0, 'hidden_layer_sizes': 30}",0.3170647393648212,0.266,30,0.01,30,0
964,"{'learning_rate_init': 0.01, 'max_iter': 30, 'random_state': 4, 'hidden_layer_sizes': 40}",0.7821993686238765,0.616,40,0.01,30,4
1213,"{'learning_rate_init': 0.01, 'max_iter': 30, 'random_state': 3, 'hidden_layer_sizes': 50}",0.8431368980453536,0.654,50,0.01,30,3
1464,"{'learning_rate_init': 0.01, 'max_iter': 30, 'random_state': 4, 'hidden_layer_sizes': 60}",0.8723912746920338,0.648,60,0.01,30,4
1713,"{'learning_rate_init': 0.01, 'max_iter': 30, 'random_state': 3, 'hidden_layer_sizes': 70}",0.965799484885853,0.754,70,0.01,30,3
1963,"{'learning_rate_init': 0.01, 'max_iter': 30, 'random_state': 3, 'hidden_layer_sizes': 80}",0.9418407401018816,0.674,80,0.01,30,3
2210,"{'learning_rate_init': 0.01, 'max_iter': 30, 'random_state': 0, 'hidden_layer_sizes': 90}",0.992027457009045,0.752,90,0.01,30,0
2463,"{'learning_rate_init': 0.01, 'max_iter': 30, 'random_state': 3, 'hidden_layer_sizes': 100}",0.9487998971600676,0.738,100,0.01,30,3
217,"{'learning_rate_init': 0.01, 'max_iter': 40, 'random_state': 2, 'hidden_layer_sizes': 10}",0.13588987090391383,0.13,10,0.01,40,2
468,"{'learning_rate_init': 0.01, 'max_iter': 40, 'random_state': 3, 'hidden_layer_sizes': 20}",0.2592935954419487,0.236,20,0.01,40,3
715,"{'learning_rate_init': 0.01, 'max_iter': 40, 'random_state': 0, 'hidden_layer_sizes': 30}",0.31806875542907825,0.272,30,0.01,40,0
969,"{'learning_rate_init': 0.01, 'max_iter': 40, 'random_state': 4, 'hidden_layer_sizes': 40}",0.8020890702400987,0.642,40,0.01,40,4
1218,"{'learning_rate_init': 0.01, 'max_iter': 40, 'random_state': 3, 'hidden_layer_sizes': 50}",0.8521760759048278,0.672,50,0.01,40,3
1469,"{'learning_rate_init': 0.01, 'max_iter': 40, 'random_state': 4, 'hidden_layer_sizes': 60}",0.8954990806007791,0.672,60,0.01,40,4
1718,"{'learning_rate_init': 0.01, 'max_iter': 40, 'random_state': 3, 'hidden_layer_sizes': 70}",0.9698097526055885,0.768,70,0.01,40,3
1968,"{'learning_rate_init': 0.01, 'max_iter': 40, 'random_state': 3, 'hidden_layer_sizes': 80}",0.9558553091403148,0.69,80,0.01,40,3
2215,"{'learning_rate_init': 0.01, 'max_iter': 40, 'random_state': 0, 'hidden_layer_sizes': 90}",0.9950395052018162,0.748,90,0.01,40,0
2468,"{'learning_rate_init': 0.01, 'max_iter': 40, 'random_state': 3, 'hidden_layer_sizes': 100}",0.9558161465102524,0.74,100,0.01,40,3
222,"{'learning_rate_init': 0.01, 'max_iter': 50, 'random_state': 2, 'hidden_layer_sizes': 10}",0.13588987090391383,0.13,10,0.01,50,2
473,"{'learning_rate_init': 0.01, 'max_iter': 50, 'random_state': 3, 'hidden_layer_sizes': 20}",0.2623056436347198,0.24,20,0.01,50,3
720,"{'learning_rate_init': 0.01, 'max_iter': 50, 'random_state': 0, 'hidden_layer_sizes': 30}",0.3200767875575923,0.276,30,0.01,50,0
974,"{'learning_rate_init': 0.01, 'max_iter': 50, 'random_state': 4, 'hidden_layer_sizes': 40}",0.8130140759007234,0.658,40,0.01,50,4
1223,"{'learning_rate_init': 0.01, 'max_iter': 50, 'random_state': 3, 'hidden_layer_sizes': 50}",0.8642455016440383,0.684,50,0.01,50,3
1474,"{'learning_rate_init': 0.01, 'max_iter': 50, 'random_state': 4, 'hidden_layer_sizes': 60}",0.9025423594563827,0.68,60,0.01,50,4
1723,"{'learning_rate_init': 0.01, 'max_iter': 50, 'random_state': 3, 'hidden_layer_sizes': 70}",0.9688027032601706,0.766,70,0.01,50,3
1973,"{'learning_rate_init': 0.01, 'max_iter': 50, 'random_state': 3, 'hidden_layer_sizes': 80}",0.9628894881524358,0.702,80,0.01,50,3
2220,"{'learning_rate_init': 0.01, 'max_iter': 50, 'random_state': 0, 'hidden_layer_sizes': 90}",0.9950395052018162,0.75,90,0.01,50,0
2473,"{'learning_rate_init': 0.01, 'max_iter': 50, 'random_state': 3, 'hidden_layer_sizes': 100}",0.9588281947030234,0.744,100,0.01,50,3
227,"{'learning_rate_init': 0.01, 'max_iter': 60, 'random_state': 2, 'hidden_layer_sizes': 10}",0.13588987090391383,0.13,10,0.01,60,2
478,"{'learning_rate_init': 0.01, 'max_iter': 60, 'random_state': 3, 'hidden_layer_sizes': 20}",0.26832974002026194,0.242,20,0.01,60,3
725,"{'learning_rate_init': 0.01, 'max_iter': 60, 'random_state': 0, 'hidden_layer_sizes': 30}",0.3200767875575923,0.278,30,0.01,60,0
979,"{'learning_rate_init': 0.01, 'max_iter': 60, 'random_state': 4, 'hidden_layer_sizes': 40}",0.8260215955937388,0.642,40,0.01,60,4
1228,"{'learning_rate_init': 0.01, 'max_iter': 60, 'random_state': 3, 'hidden_layer_sizes': 50}",0.8662565670537133,0.686,50,0.01,60,3
1479,"{'learning_rate_init': 0.01, 'max_iter': 60, 'random_state': 4, 'hidden_layer_sizes': 60}",0.9075475433968926,0.692,60,0.01,60,4
1728,"{'learning_rate_init': 0.01, 'max_iter': 60, 'random_state': 3, 'hidden_layer_sizes': 70}",0.9708168019510065,0.766,70,0.01,60,3
1978,"{'learning_rate_init': 0.01, 'max_iter': 60, 'random_state': 3, 'hidden_layer_sizes': 80}",0.9649005535621109,0.702,80,0.01,60,3
2225,"{'learning_rate_init': 0.01, 'max_iter': 60, 'random_state': 0, 'hidden_layer_sizes': 90}",0.997032640949555,0.752,90,0.01,60,0
2478,"{'learning_rate_init': 0.01, 'max_iter': 60, 'random_state': 3, 'hidden_layer_sizes': 100}",0.9608213304507621,0.742,100,0.01,60,3
232,"{'learning_rate_init': 0.01, 'max_iter': 70, 'random_state': 2, 'hidden_layer_sizes': 10}",0.13588987090391383,0.13,10,0.01,70,2
483,"{'learning_rate_init': 0.01, 'max_iter': 70, 'random_state': 3, 'hidden_layer_sizes': 20}",0.270337772148776,0.246,20,0.01,70,3
734,"{'learning_rate_init': 0.01, 'max_iter': 70, 'random_state': 4, 'hidden_layer_sizes': 30}",0.3573717445017414,0.28,30,0.01,70,4
984,"{'learning_rate_init': 0.01, 'max_iter': 70, 'random_state': 4, 'hidden_layer_sizes': 40}",0.8369496345355244,0.658,40,0.01,70,4
1233,"{'learning_rate_init': 0.01, 'max_iter': 70, 'random_state': 3, 'hidden_layer_sizes': 50}",0.8652525509894563,0.682,50,0.01,70,3
1484,"{'learning_rate_init': 0.01, 'max_iter': 70, 'random_state': 4, 'hidden_layer_sizes': 60}",0.9095616420877284,0.702,60,0.01,70,4
1733,"{'learning_rate_init': 0.01, 'max_iter': 70, 'random_state': 3, 'hidden_layer_sizes': 70}",0.9708168019510065,0.766,70,0.01,70,3
1983,"{'learning_rate_init': 0.01, 'max_iter': 70, 'random_state': 3, 'hidden_layer_sizes': 80}",0.9689077880006853,0.702,80,0.01,70,3
2230,"{'learning_rate_init': 0.01, 'max_iter': 70, 'random_state': 0, 'hidden_layer_sizes': 90}",0.997032640949555,0.754,90,0.01,70,0
2483,"{'learning_rate_init': 0.01, 'max_iter': 70, 'random_state': 3, 'hidden_layer_sizes': 100}",0.9608213304507621,0.744,100,0.01,70,3
237,"{'learning_rate_init': 0.01, 'max_iter': 80, 'random_state': 2, 'hidden_layer_sizes': 10}",0.13588987090391383,0.13,10,0.01,80,2
488,"{'learning_rate_init': 0.01, 'max_iter': 80, 'random_state': 3, 'hidden_layer_sizes': 20}",0.27636186853431816,0.25,20,0.01,80,3
735,"{'learning_rate_init': 0.01, 'max_iter': 80, 'random_state': 0, 'hidden_layer_sizes': 30}",0.3200767875575923,0.278,30,0.01,80,0
989,"{'learning_rate_init': 0.01, 'max_iter': 80, 'random_state': 4, 'hidden_layer_sizes': 40}",0.843903265081447,0.674,40,0.01,80,4
1238,"{'learning_rate_init': 0.01, 'max_iter': 80, 'random_state': 3, 'hidden_layer_sizes': 50}",0.869280748371128,0.692,50,0.01,80,3
1489,"{'learning_rate_init': 0.01, 'max_iter': 80, 'random_state': 4, 'hidden_layer_sizes': 60}",0.9175730776837167,0.704,60,0.01,80,4
1738,"{'learning_rate_init': 0.01, 'max_iter': 80, 'random_state': 3, 'hidden_layer_sizes': 70}",0.975852048678096,0.77,70,0.01,80,3
1988,"{'learning_rate_init': 0.01, 'max_iter': 80, 'random_state': 3, 'hidden_layer_sizes': 80}",0.9689077880006853,0.7,80,0.01,80,3
2235,"{'learning_rate_init': 0.01, 'max_iter': 80, 'random_state': 0, 'hidden_layer_sizes': 90}",0.997032640949555,0.754,90,0.01,80,0
2488,"{'learning_rate_init': 0.01, 'max_iter': 80, 'random_state': 3, 'hidden_layer_sizes': 100}",0.9608213304507621,0.742,100,0.01,80,3
242,"{'learning_rate_init': 0.01, 'max_iter': 90, 'random_state': 2, 'hidden_layer_sizes': 10}",0.13588987090391383,0.13,10,0.01,90,2
493,"{'learning_rate_init': 0.01, 'max_iter': 90, 'random_state': 3, 'hidden_layer_sizes': 20}",0.2793739167270893,0.25,20,0.01,90,3
744,"{'learning_rate_init': 0.01, 'max_iter': 90, 'random_state': 4, 'hidden_layer_sizes': 30}",0.358360864185223,0.282,30,0.01,90,4
994,"{'learning_rate_init': 0.01, 'max_iter': 90, 'random_state': 4, 'hidden_layer_sizes': 40}",0.8468855205126674,0.676,40,0.01,90,4
1243,"{'learning_rate_init': 0.01, 'max_iter': 90, 'random_state': 3, 'hidden_layer_sizes': 50}",0.8723018964073818,0.698,50,0.01,90,3
1494,"{'learning_rate_init': 0.01, 'max_iter': 90, 'random_state': 4, 'hidden_layer_sizes': 60}",0.9205942257199705,0.7,60,0.01,90,4
1743,"{'learning_rate_init': 0.01, 'max_iter': 90, 'random_state': 3, 'hidden_layer_sizes': 70}",0.9778661473689318,0.772,70,0.01,90,3
1993,"{'learning_rate_init': 0.01, 'max_iter': 90, 'random_state': 3, 'hidden_layer_sizes': 80}",0.9699148373461033,0.704,80,0.01,90,3
2240,"{'learning_rate_init': 0.01, 'max_iter': 90, 'random_state': 0, 'hidden_layer_sizes': 90}",0.997032640949555,0.756,90,0.01,90,0
2493,"{'learning_rate_init': 0.01, 'max_iter': 90, 'random_state': 3, 'hidden_layer_sizes': 100}",0.9608213304507621,0.748,100,0.01,90,3
247,"{'learning_rate_init': 0.01, 'max_iter': 100, 'random_state': 2, 'hidden_layer_sizes': 10}",0.13588987090391383,0.13,10,0.01,100,2
498,"{'learning_rate_init': 0.01, 'max_iter': 100, 'random_state': 3, 'hidden_layer_sizes': 20}",0.2793739167270893,0.25,20,0.01,100,3
749,"{'learning_rate_init': 0.01, 'max_iter': 100, 'random_state': 4, 'hidden_layer_sizes': 30}",0.358360864185223,0.282,30,0.01,100,4
999,"{'learning_rate_init': 0.01, 'max_iter': 100, 'random_state': 4, 'hidden_layer_sizes': 40}",0.8498677759438878,0.68,40,0.01,100,4
1248,"{'learning_rate_init': 0.01, 'max_iter': 100, 'random_state': 3, 'hidden_layer_sizes': 50}",0.8733089457527997,0.696,50,0.01,100,3
1499,"{'learning_rate_init': 0.01, 'max_iter': 100, 'random_state': 4, 'hidden_layer_sizes': 60}",0.9236153737562242,0.698,60,0.01,100,4
1748,"{'learning_rate_init': 0.01, 'max_iter': 100, 'random_state': 3, 'hidden_layer_sizes': 70}",0.9778661473689318,0.772,70,0.01,100,3
1998,"{'learning_rate_init': 0.01, 'max_iter': 100, 'random_state': 3, 'hidden_layer_sizes': 80}",0.9699148373461033,0.706,80,0.01,100,3
2245,"{'learning_rate_init': 0.01, 'max_iter': 100, 'random_state': 0, 'hidden_layer_sizes': 90}",0.997032640949555,0.756,90,0.01,100,0
2498,"{'learning_rate_init': 0.01, 'max_iter': 100, 'random_state': 3, 'hidden_layer_sizes': 100}",0.9618104501342438,0.744,100,0.01,100,3
